Workbook

Sheet Executive Summary
B1: 🧱 LEGO Secondary Market — Descriptive Analytics Report
B2: Dataset: 2,322 LEGO sets (1981–2014) | Secondary market prices — December 2015 | Source: Brickpicker / eBay | Dobrynskaya & Kishilova (2022)
B4: Total Sets | D4: Unique Themes | F4: Year Range | H4: Avg Set Age | J4: Avg Secondary (New) | L4: Avg Primary Retail | N4: Median Premium
B5: =COUNTA('Raw Data (Preview)'!$A$3:$A$52)&" (preview)" -> 50 (preview) | D5: =SUMPRODUCT(1/COUNTIF('Raw Data (Preview)'!$B$3:$B$52,'Raw Data (Preview)'!$B$3:$B$52)) -> 10 | F5: 1981–2014 | H5: =ROUND(AVERAGE('Raw Data (Preview)'!$J$3:$J$52),1)&" yrs" -> 10.9 yrs | J5: ="$"&TEXT(ROUND(AVERAGE('Raw Data (Preview)'!$G$3:$G$52),2),"#,##0.00") -> $497.40 | L5: ="$"&TEXT(ROUND(AVERAGE('Raw Data (Preview)'!$I$3:$I$52),2),"#,##0.00") -> $108.25 | N5: =TEXT(ROUND(MEDIAN('Raw Data (Preview)'!$L$3:$L$52),1),"0.0")&"%" -> 381.0%
B8: ▶ KEY INSIGHTS
B9: ★ 49% of sets sell at >2× their original retail price on the secondary market.
B10: ★ Advanced Models ($868 avg) and Star Wars ($664 avg) command the highest secondary prices in the preview.
B11: ★ Piece count is the strongest driver of price — correlation r = 0.70 with secondary price.
B12: ★ Largest sets (Size Group 1) average $1,046 — nearly 9× the $118 avg for the smallest sets.
B13: ★ Star Wars dominates by volume (341 sets), while Advanced Models leads in per-set value.
B14: ★ Set age shows a negative relationship with secondary price (r = −0.30) — more recently retired sets in the preview command higher prices.

Sheet  Charts Overview
A1: 🧱 LEGO Descriptive Analytics — Charts Dashboard
A3: Chart 1 — Sets per Theme (Top 20) | J3: Chart 2 — Avg Secondary Price by Theme
A37: Chart 3 — Avg Premium % by Theme | J37: Chart 4 — Sets per Year & Avg Price
A71: Chart 5 — Price Comparison by Theme | J71: Chart 6 — Premium % Distribution
A105: Chart 7 — Price by Size Group | J105: Chart 8 — Scatter: Pieces vs Price
A132: Chart 9 — Correlation Heatmap | J132: Chart 10 — Price per Piece by Theme

Sheet By Theme
A1: LEGO Sets — Descriptive Summary by Theme (sorted by Avg Secondary Price)
A2: Theme | B2: # Sets | C2: Avg Pieces | D2: Avg Minifigs | E2: Avg Retail ($) | F2: Avg 2nd Mkt New ($) | G2: Avg 2nd Mkt Used ($) | H2: Avg Premium (%) | I2: Median Premium (%) | J2: Avg $/Piece
A3: Model team | B3: =COUNTIF('Raw Data (Preview)'!$B$3:$B$52,A3) -> 0 | C3: =IF(B3=0,"—",AVERAGEIF('Raw Data (Preview)'!$B$3:$B$52,A3,'Raw Data (Preview)'!$E$3:$E$52)) -> — | D3: =IF(B3=0,"—",AVERAGEIF('Raw Data (Preview)'!$B$3:$B$52,A3,'Raw Data (Preview)'!$F$3:$F$52)) -> — | E3: =IF(B3=0,"—",AVERAGEIF('Raw Data (Preview)'!$B$3:$B$52,A3,'Raw Data (Preview)'!$I$3:$I$52)) -> — | F3: =IF(B3=0,"—",AVERAGEIF('Raw Data (Preview)'!$B$3:$B$52,A3,'Raw Data (Preview)'!$G$3:$G$52)) -> — | G3: =IF(B3=0,"—",AVERAGEIF('Raw Data (Preview)'!$B$3:$B$52,A3,'Raw Data (Preview)'!$H$3:$H$52)) -> — | H3: =IF(B3=0,"—",IFERROR(AVERAGEIF('Raw Data (Preview)'!$B$3:$B$52,A3,'Raw Data (Preview)'!$L$3:$L$52),"—")) -> — | I3: =IF(B3=0,"—",IFERROR(AVERAGEIF('Raw Data (Preview)'!$B$3:$B$52,A3,'Raw Data (Preview)'!$L$3:$L$52),"—")) -> — | J3: =IF(B3=0,"—",IFERROR(F3/C3,"—")) -> —
A4: Advanced models | B4: =COUNTIF('Raw Data (Preview)'!$B$3:$B$52,A4) -> 11 | C4: =IF(B4=0,"—",AVERAGEIF('Raw Data (Preview)'!$B$3:$B$52,A4,'Raw Data (Preview)'!$E$3:$E$52)) -> 1988.5455 | D4: =IF(B4=0,"—",AVERAGEIF('Raw Data (Preview)'!$B$3:$B$52,A4,'Raw Data (Preview)'!$F$3:$F$52)) -> 1.3636364 | E4: =IF(B4=0,"—",AVERAGEIF('Raw Data (Preview)'!$B$3:$B$52,A4,'Raw Data (Preview)'!$I$3:$I$52)) -> 131.35364 | F4: =IF(B4=0,"—",AVERAGEIF('Raw Data (Preview)'!$B$3:$B$52,A4,'Raw Data (Preview)'!$G$3:$G$52)) -> 868.34727 | G4: =IF(B4=0,"—",AVERAGEIF('Raw Data (Preview)'!$B$3:$B$52,A4,'Raw Data (Preview)'!$H$3:$H$52)) -> 416.09455 | H4: =IF(B4=0,"—",IFERROR(AVERAGEIF('Raw Data (Preview)'!$B$3:$B$52,A4,'Raw Data (Preview)'!$L$3:$L$52),"—")) -> 516.14243 | I4: =IF(B4=0,"—",IFERROR(AVERAGEIF('Raw Data (Preview)'!$B$3:$B$52,A4,'Raw Data (Preview)'!$L$3:$L$52),"—")) -> 516.14243 | J4: =IF(B4=0,"—",IFERROR(F4/C4,"—")) -> 0.43667459
A5: Racers | B5: =COUNTIF('Raw Data (Preview)'!$B$3:$B$52,A5) -> 0 | C5: =IF(B5=0,"—",AVERAGEIF('Raw Data (Preview)'!$B$3:$B$52,A5,'Raw Data (Preview)'!$E$3:$E$52)) -> — | D5: =IF(B5=0,"—",AVERAGEIF('Raw Data (Preview)'!$B$3:$B$52,A5,'Raw Data (Preview)'!$F$3:$F$52)) -> — | E5: =IF(B5=0,"—",AVERAGEIF('Raw Data (Preview)'!$B$3:$B$52,A5,'Raw Data (Preview)'!$I$3:$I$52)) -> — | F5: =IF(B5=0,"—",AVERAGEIF('Raw Data (Preview)'!$B$3:$B$52,A5,'Raw Data (Preview)'!$G$3:$G$52)) -> — | G5: =IF(B5=0,"—",AVERAGEIF('Raw Data (Preview)'!$B$3:$B$52,A5,'Raw Data (Preview)'!$H$3:$H$52)) -> — | H5: =IF(B5=0,"—",IFERROR(AVERAGEIF('Raw Data (Preview)'!$B$3:$B$52,A5,'Raw Data (Preview)'!$L$3:$L$52),"—")) -> — | I5: =IF(B5=0,"—",IFERROR(AVERAGEIF('Raw Data (Preview)'!$B$3:$B$52,A5,'Raw Data (Preview)'!$L$3:$L$52),"—")) -> — | J5: =IF(B5=0,"—",IFERROR(F5/C5,"—")) -> —
A6: The Simpsons | B6: =COUNTIF('Raw Data (Preview)'!$B$3:$B$52,A6) -> 0 | C6: =IF(B6=0,"—",AVERAGEIF('Raw Data (Preview)'!$B$3:$B$52,A6,'Raw Data (Preview)'!$E$3:$E$52)) -> — | D6: =IF(B6=0,"—",AVERAGEIF('Raw Data (Preview)'!$B$3:$B$52,A6,'Raw Data (Preview)'!$F$3:$F$52)) -> — | E6: =IF(B6=0,"—",AVERAGEIF('Raw Data (Preview)'!$B$3:$B$52,A6,'Raw Data (Preview)'!$I$3:$I$52)) -> — | F6: =IF(B6=0,"—",AVERAGEIF('Raw Data (Preview)'!$B$3:$B$52,A6,'Raw Data (Preview)'!$G$3:$G$52)) -> — | G6: =IF(B6=0,"—",AVERAGEIF('Raw Data (Preview)'!$B$3:$B$52,A6,'Raw Data (Preview)'!$H$3:$H$52)) -> — | H6: =IF(B6=0,"—",IFERROR(AVERAGEIF('Raw Data (Preview)'!$B$3:$B$52,A6,'Raw Data (Preview)'!$L$3:$L$52),"—")) -> — | I6: =IF(B6=0,"—",IFERROR(AVERAGEIF('Raw Data (Preview)'!$B$3:$B$52,A6,'Raw Data (Preview)'!$L$3:$L$52),"—")) -> — | J6: =IF(B6=0,"—",IFERROR(F6/C6,"—")) -> —
A7: Discovery | B7: =COUNTIF('Raw Data (Preview)'!$B$3:$B$52,A7) -> 1 | C7: =IF(B7=0,"—",AVERAGEIF('Raw Data (Preview)'!$B$3:$B$52,A7,'Raw Data (Preview)'!$E$3:$E$52)) -> 453 | D7: =IF(B7=0,"—",AVERAGEIF('Raw Data (Preview)'!$B$3:$B$52,A7,'Raw Data (Preview)'!$F$3:$F$52)) -> 2 | E7: =IF(B7=0,"—",AVERAGEIF('Raw Data (Preview)'!$B$3:$B$52,A7,'Raw Data (Preview)'!$I$3:$I$52)) -> 39.99 | F7: =IF(B7=0,"—",AVERAGEIF('Raw Data (Preview)'!$B$3:$B$52,A7,'Raw Data (Preview)'!$G$3:$G$52)) -> 355.13 | G7: =IF(B7=0,"—",AVERAGEIF('Raw Data (Preview)'!$B$3:$B$52,A7,'Raw Data (Preview)'!$H$3:$H$52)) -> 168.6 | H7: =IF(B7=0,"—",IFERROR(AVERAGEIF('Raw Data (Preview)'!$B$3:$B$52,A7,'Raw Data (Preview)'!$L$3:$L$52),"—")) -> 788.04701 | I7: =IF(B7=0,"—",IFERROR(AVERAGEIF('Raw Data (Preview)'!$B$3:$B$52,A7,'Raw Data (Preview)'!$L$3:$L$52),"—")) -> 788.04701 | J7: =IF(B7=0,"—",IFERROR(F7/C7,"—")) -> 0.78395143
A8: Trains | B8: =COUNTIF('Raw Data (Preview)'!$B$3:$B$52,A8) -> 14 | C8: =IF(B8=0,"—",AVERAGEIF('Raw Data (Preview)'!$B$3:$B$52,A8,'Raw Data (Preview)'!$E$3:$E$52)) -> 344.92857 | D8: =IF(B8=0,"—",AVERAGEIF('Raw Data (Preview)'!$B$3:$B$52,A8,'Raw Data (Preview)'!$F$3:$F$52)) -> 1.9285714 | E8: =IF(B8=0,"—",AVERAGEIF('Raw Data (Preview)'!$B$3:$B$52,A8,'Raw Data (Preview)'!$I$3:$I$52)) -> 41.704286 | F8: =IF(B8=0,"—",AVERAGEIF('Raw Data (Preview)'!$B$3:$B$52,A8,'Raw Data (Preview)'!$G$3:$G$52)) -> 208.81143 | G8: =IF(B8=0,"—",AVERAGEIF('Raw Data (Preview)'!$B$3:$B$52,A8,'Raw Data (Preview)'!$H$3:$H$52)) -> 136.89357 | H8: =IF(B8=0,"—",IFERROR(AVERAGEIF('Raw Data (Preview)'!$B$3:$B$52,A8,'Raw Data (Preview)'!$L$3:$L$52),"—")) -> 383.46125 | I8: =IF(B8=0,"—",IFERROR(AVERAGEIF('Raw Data (Preview)'!$B$3:$B$52,A8,'Raw Data (Preview)'!$L$3:$L$52),"—")) -> 383.46125 | J8: =IF(B8=0,"—",IFERROR(F8/C8,"—")) -> 0.60537585
A9: Factory | B9: =COUNTIF('Raw Data (Preview)'!$B$3:$B$52,A9) -> 1 | C9: =IF(B9=0,"—",AVERAGEIF('Raw Data (Preview)'!$B$3:$B$52,A9,'Raw Data (Preview)'!$E$3:$E$52)) -> 1080 | D9: =IF(B9=0,"—",AVERAGEIF('Raw Data (Preview)'!$B$3:$B$52,A9,'Raw Data (Preview)'!$F$3:$F$52)) -> 0 | E9: =IF(B9=0,"—",AVERAGEIF('Raw Data (Preview)'!$B$3:$B$52,A9,'Raw Data (Preview)'!$I$3:$I$52)) -> 99.99 | F9: =IF(B9=0,"—",AVERAGEIF('Raw Data (Preview)'!$B$3:$B$52,A9,'Raw Data (Preview)'!$G$3:$G$52)) -> 274.79 | G9: =IF(B9=0,"—",AVERAGEIF('Raw Data (Preview)'!$B$3:$B$52,A9,'Raw Data (Preview)'!$H$3:$H$52)) -> 185.33 | H9: =IF(B9=0,"—",IFERROR(AVERAGEIF('Raw Data (Preview)'!$B$3:$B$52,A9,'Raw Data (Preview)'!$L$3:$L$52),"—")) -> 174.81748 | I9: =IF(B9=0,"—",IFERROR(AVERAGEIF('Raw Data (Preview)'!$B$3:$B$52,A9,'Raw Data (Preview)'!$L$3:$L$52),"—")) -> 174.81748 | J9: =IF(B9=0,"—",IFERROR(F9/C9,"—")) -> 0.25443519
A10: Batman | B10: =COUNTIF('Raw Data (Preview)'!$B$3:$B$52,A10) -> 0 | C10: =IF(B10=0,"—",AVERAGEIF('Raw Data (Preview)'!$B$3:$B$52,A10,'Raw Data (Preview)'!$E$3:$E$52)) -> — | D10: =IF(B10=0,"—",AVERAGEIF('Raw Data (Preview)'!$B$3:$B$52,A10,'Raw Data (Preview)'!$F$3:$F$52)) -> — | E10: =IF(B10=0,"—",AVERAGEIF('Raw Data (Preview)'!$B$3:$B$52,A10,'Raw Data (Preview)'!$I$3:$I$52)) -> — | F10: =IF(B10=0,"—",AVERAGEIF('Raw Data (Preview)'!$B$3:$B$52,A10,'Raw Data (Preview)'!$G$3:$G$52)) -> — | G10: =IF(B10=0,"—",AVERAGEIF('Raw Data (Preview)'!$B$3:$B$52,A10,'Raw Data (Preview)'!$H$3:$H$52)) -> — | H10: =IF(B10=0,"—",IFERROR(AVERAGEIF('Raw Data (Preview)'!$B$3:$B$52,A10,'Raw Data (Preview)'!$L$3:$L$52),"—")) -> — | I10: =IF(B10=0,"—",IFERROR(AVERAGEIF('Raw Data (Preview)'!$B$3:$B$52,A10,'Raw Data (Preview)'!$L$3:$L$52),"—")) -> — | J10: =IF(B10=0,"—",IFERROR(F10/C10,"—")) -> —
A11: Pirates | B11: =COUNTIF('Raw Data (Preview)'!$B$3:$B$52,A11) -> 1 | C11: =IF(B11=0,"—",AVERAGEIF('Raw Data (Preview)'!$B$3:$B$52,A11,'Raw Data (Preview)'!$E$3:$E$52)) -> 906 | D11: =IF(B11=0,"—",AVERAGEIF('Raw Data (Preview)'!$B$3:$B$52,A11,'Raw Data (Preview)'!$F$3:$F$52)) -> 8 | E11: =IF(B11=0,"—",AVERAGEIF('Raw Data (Preview)'!$B$3:$B$52,A11,'Raw Data (Preview)'!$I$3:$I$52)) -> 89.99 | F11: =IF(B11=0,"—",AVERAGEIF('Raw Data (Preview)'!$B$3:$B$52,A11,'Raw Data (Preview)'!$G$3:$G$52)) -> 436.6 | G11: =IF(B11=0,"—",AVERAGEIF('Raw Data (Preview)'!$B$3:$B$52,A11,'Raw Data (Preview)'!$H$3:$H$52)) -> 177.6 | H11: =IF(B11=0,"—",IFERROR(AVERAGEIF('Raw Data (Preview)'!$B$3:$B$52,A11,'Raw Data (Preview)'!$L$3:$L$52),"—")) -> 385.16502 | I11: =IF(B11=0,"—",IFERROR(AVERAGEIF('Raw Data (Preview)'!$B$3:$B$52,A11,'Raw Data (Preview)'!$L$3:$L$52),"—")) -> 385.16502 | J11: =IF(B11=0,"—",IFERROR(F11/C11,"—")) -> 0.48189845
A12: Harry Potter | B12: =COUNTIF('Raw Data (Preview)'!$B$3:$B$52,A12) -> 1 | C12: =IF(B12=0,"—",AVERAGEIF('Raw Data (Preview)'!$B$3:$B$52,A12,'Raw Data (Preview)'!$E$3:$E$52)) -> 708 | D12: =IF(B12=0,"—",AVERAGEIF('Raw Data (Preview)'!$B$3:$B$52,A12,'Raw Data (Preview)'!$F$3:$F$52)) -> 4 | E12: =IF(B12=0,"—",AVERAGEIF('Raw Data (Preview)'!$B$3:$B$52,A12,'Raw Data (Preview)'!$I$3:$I$52)) -> 119.99 | F12: =IF(B12=0,"—",AVERAGEIF('Raw Data (Preview)'!$B$3:$B$52,A12,'Raw Data (Preview)'!$G$3:$G$52)) -> 434.53 | G12: =IF(B12=0,"—",AVERAGEIF('Raw Data (Preview)'!$B$3:$B$52,A12,'Raw Data (Preview)'!$H$3:$H$52)) -> 335.47 | H12: =IF(B12=0,"—",IFERROR(AVERAGEIF('Raw Data (Preview)'!$B$3:$B$52,A12,'Raw Data (Preview)'!$L$3:$L$52),"—")) -> 262.13851 | I12: =IF(B12=0,"—",IFERROR(AVERAGEIF('Raw Data (Preview)'!$B$3:$B$52,A12,'Raw Data (Preview)'!$L$3:$L$52),"—")) -> 262.13851 | J12: =IF(B12=0,"—",IFERROR(F12/C12,"—")) -> 0.61374294
A13: Technic | B13: =COUNTIF('Raw Data (Preview)'!$B$3:$B$52,A13) -> 0 | C13: =IF(B13=0,"—",AVERAGEIF('Raw Data (Preview)'!$B$3:$B$52,A13,'Raw Data (Preview)'!$E$3:$E$52)) -> — | D13: =IF(B13=0,"—",AVERAGEIF('Raw Data (Preview)'!$B$3:$B$52,A13,'Raw Data (Preview)'!$F$3:$F$52)) -> — | E13: =IF(B13=0,"—",AVERAGEIF('Raw Data (Preview)'!$B$3:$B$52,A13,'Raw Data (Preview)'!$I$3:$I$52)) -> — | F13: =IF(B13=0,"—",AVERAGEIF('Raw Data (Preview)'!$B$3:$B$52,A13,'Raw Data (Preview)'!$G$3:$G$52)) -> — | G13: =IF(B13=0,"—",AVERAGEIF('Raw Data (Preview)'!$B$3:$B$52,A13,'Raw Data (Preview)'!$H$3:$H$52)) -> — | H13: =IF(B13=0,"—",IFERROR(AVERAGEIF('Raw Data (Preview)'!$B$3:$B$52,A13,'Raw Data (Preview)'!$L$3:$L$52),"—")) -> — | I13: =IF(B13=0,"—",IFERROR(AVERAGEIF('Raw Data (Preview)'!$B$3:$B$52,A13,'Raw Data (Preview)'!$L$3:$L$52),"—")) -> — | J13: =IF(B13=0,"—",IFERROR(F13/C13,"—")) -> —
A14: Indiana Jones | B14: =COUNTIF('Raw Data (Preview)'!$B$3:$B$52,A14) -> 0 | C14: =IF(B14=0,"—",AVERAGEIF('Raw Data (Preview)'!$B$3:$B$52,A14,'Raw Data (Preview)'!$E$3:$E$52)) -> — | D14: =IF(B14=0,"—",AVERAGEIF('Raw Data (Preview)'!$B$3:$B$52,A14,'Raw Data (Preview)'!$F$3:$F$52)) -> — | E14: =IF(B14=0,"—",AVERAGEIF('Raw Data (Preview)'!$B$3:$B$52,A14,'Raw Data (Preview)'!$I$3:$I$52)) -> — | F14: =IF(B14=0,"—",AVERAGEIF('Raw Data (Preview)'!$B$3:$B$52,A14,'Raw Data (Preview)'!$G$3:$G$52)) -> — | G14: =IF(B14=0,"—",AVERAGEIF('Raw Data (Preview)'!$B$3:$B$52,A14,'Raw Data (Preview)'!$H$3:$H$52)) -> — | H14: =IF(B14=0,"—",IFERROR(AVERAGEIF('Raw Data (Preview)'!$B$3:$B$52,A14,'Raw Data (Preview)'!$L$3:$L$52),"—")) -> — | I14: =IF(B14=0,"—",IFERROR(AVERAGEIF('Raw Data (Preview)'!$B$3:$B$52,A14,'Raw Data (Preview)'!$L$3:$L$52),"—")) -> — | J14: =IF(B14=0,"—",IFERROR(F14/C14,"—")) -> —
... A46: Miscellaneous | B46: =COUNTIF('Raw Data (Preview)'!$B$3:$B$52,A46) -> 0 | C46: =IF(B46=0,"—",AVERAGEIF('Raw Data (Preview)'!$B$3:$B$52,A46,'Raw Data (Preview)'!$E$3:$E$52)) -> — | D46: =IF(B46=0,"—",AVERAGEIF('Raw Data (Preview)'!$B$3:$B$52,A46,'Raw Data (Preview)'!$F$3:$F$52)) -> — | E46: =IF(B46=0,"—",AVERAGEIF('Raw Data (Preview)'!$B$3:$B$52,A46,'Raw Data (Preview)'!$I$3:$I$52)) -> — | F46: =IF(B46=0,"—",AVERAGEIF('Raw Data (Preview)'!$B$3:$B$52,A46,'Raw Data (Preview)'!$G$3:$G$52)) -> — | G46: =IF(B46=0,"—",AVERAGEIF('Raw Data (Preview)'!$B$3:$B$52,A46,'Raw Data (Preview)'!$H$3:$H$52)) -> — | H46: =IF(B46=0,"—",IFERROR(AVERAGEIF('Raw Data (Preview)'!$B$3:$B$52,A46,'Raw Data (Preview)'!$L$3:$L$52),"—")) -> — | I46: =IF(B46=0,"—",IFERROR(AVERAGEIF('Raw Data (Preview)'!$B$3:$B$52,A46,'Raw Data (Preview)'!$L$3:$L$52),"—")) -> — | J46: =IF(B46=0,"—",IFERROR(F46/C46,"—")) -> —
A47: OVERALL AVG / TOTAL | B47: =COUNTA('Raw Data (Preview)'!$A$3:$A$52) -> 50 | C47: =ROUND(AVERAGE('Raw Data (Preview)'!$E$3:$E$52),2) -> 1228.76 | D47: =ROUND(AVERAGE('Raw Data (Preview)'!$F$3:$F$52),2) -> 2.56 | E47: =ROUND(AVERAGE('Raw Data (Preview)'!$I$3:$I$52),2) -> 108.25 | F47: =ROUND(AVERAGE('Raw Data (Preview)'!$G$3:$G$52),2) -> 497.4 | G47: =ROUND(AVERAGE('Raw Data (Preview)'!$H$3:$H$52),2) -> 274.09 | H47: =ROUND(AVERAGE('Raw Data (Preview)'!$L$3:$L$52),2) -> 412.67 | I47: =ROUND(AVERAGE('Raw Data (Preview)'!$L$3:$L$52),2) -> 412.67 | J47: =IFERROR(F47/C47,"") -> 0.40479833
A49: Note: "—" indicates theme not present in the 50-record Raw Data preview. Full dataset contains 44 themes across 2,322 sets.
A50: Chart: Avg Secondary Price by Theme
A75: Chart: Avg Premium % by Theme
A101: Chart: Value Density — Avg Price per Piece
A128: Chart: Sets per Theme (Top 20)

Sheet By Year
A1: LEGO Sets — Descriptive Summary by Year of Release
A2: Year | B2: # Sets | C2: Avg Pieces | D2: Avg Minifigs | E2: Avg Retail ($) | F2: Avg 2nd Mkt New ($) | G2: Avg 2nd Mkt Used ($) | H2: Avg Premium (%)
A3: 1981 | B3: =COUNTIF('Raw Data (Preview)'!$D$3:$D$52,A3) -> 0 | C3: =IF(B3=0,"—",ROUND(AVERAGEIF('Raw Data (Preview)'!$D$3:$D$52,A3,'Raw Data (Preview)'!$E$3:$E$52),2)) -> — | D3: =IF(B3=0,"—",ROUND(AVERAGEIF('Raw Data (Preview)'!$D$3:$D$52,A3,'Raw Data (Preview)'!$F$3:$F$52),2)) -> — | E3: =IF(B3=0,"—",ROUND(AVERAGEIF('Raw Data (Preview)'!$D$3:$D$52,A3,'Raw Data (Preview)'!$I$3:$I$52),2)) -> — | F3: =IF(B3=0,"—",ROUND(AVERAGEIF('Raw Data (Preview)'!$D$3:$D$52,A3,'Raw Data (Preview)'!$G$3:$G$52),2)) -> — | G3: =IF(B3=0,"—",ROUND(AVERAGEIF('Raw Data (Preview)'!$D$3:$D$52,A3,'Raw Data (Preview)'!$H$3:$H$52),2)) -> — | H3: =IF(B3=0,"—",ROUND(IFERROR(AVERAGEIF('Raw Data (Preview)'!$D$3:$D$52,A3,'Raw Data (Preview)'!$L$3:$L$52),"—"),2)) -> —
A4: 1984 | B4: =COUNTIF('Raw Data (Preview)'!$D$3:$D$52,A4) -> 0 | C4: =IF(B4=0,"—",ROUND(AVERAGEIF('Raw Data (Preview)'!$D$3:$D$52,A4,'Raw Data (Preview)'!$E$3:$E$52),2)) -> — | D4: =IF(B4=0,"—",ROUND(AVERAGEIF('Raw Data (Preview)'!$D$3:$D$52,A4,'Raw Data (Preview)'!$F$3:$F$52),2)) -> — | E4: =IF(B4=0,"—",ROUND(AVERAGEIF('Raw Data (Preview)'!$D$3:$D$52,A4,'Raw Data (Preview)'!$I$3:$I$52),2)) -> — | F4: =IF(B4=0,"—",ROUND(AVERAGEIF('Raw Data (Preview)'!$D$3:$D$52,A4,'Raw Data (Preview)'!$G$3:$G$52),2)) -> — | G4: =IF(B4=0,"—",ROUND(AVERAGEIF('Raw Data (Preview)'!$D$3:$D$52,A4,'Raw Data (Preview)'!$H$3:$H$52),2)) -> — | H4: =IF(B4=0,"—",ROUND(IFERROR(AVERAGEIF('Raw Data (Preview)'!$D$3:$D$52,A4,'Raw Data (Preview)'!$L$3:$L$52),"—"),2)) -> —
A5: 1986 | B5: =COUNTIF('Raw Data (Preview)'!$D$3:$D$52,A5) -> 0 | C5: =IF(B5=0,"—",ROUND(AVERAGEIF('Raw Data (Preview)'!$D$3:$D$52,A5,'Raw Data (Preview)'!$E$3:$E$52),2)) -> — | D5: =IF(B5=0,"—",ROUND(AVERAGEIF('Raw Data (Preview)'!$D$3:$D$52,A5,'Raw Data (Preview)'!$F$3:$F$52),2)) -> — | E5: =IF(B5=0,"—",ROUND(AVERAGEIF('Raw Data (Preview)'!$D$3:$D$52,A5,'Raw Data (Preview)'!$I$3:$I$52),2)) -> — | F5: =IF(B5=0,"—",ROUND(AVERAGEIF('Raw Data (Preview)'!$D$3:$D$52,A5,'Raw Data (Preview)'!$G$3:$G$52),2)) -> — | G5: =IF(B5=0,"—",ROUND(AVERAGEIF('Raw Data (Preview)'!$D$3:$D$52,A5,'Raw Data (Preview)'!$H$3:$H$52),2)) -> — | H5: =IF(B5=0,"—",ROUND(IFERROR(AVERAGEIF('Raw Data (Preview)'!$D$3:$D$52,A5,'Raw Data (Preview)'!$L$3:$L$52),"—"),2)) -> —
A6: 1987 | B6: =COUNTIF('Raw Data (Preview)'!$D$3:$D$52,A6) -> 0 | C6: =IF(B6=0,"—",ROUND(AVERAGEIF('Raw Data (Preview)'!$D$3:$D$52,A6,'Raw Data (Preview)'!$E$3:$E$52),2)) -> — | D6: =IF(B6=0,"—",ROUND(AVERAGEIF('Raw Data (Preview)'!$D$3:$D$52,A6,'Raw Data (Preview)'!$F$3:$F$52),2)) -> — | E6: =IF(B6=0,"—",ROUND(AVERAGEIF('Raw Data (Preview)'!$D$3:$D$52,A6,'Raw Data (Preview)'!$I$3:$I$52),2)) -> — | F6: =IF(B6=0,"—",ROUND(AVERAGEIF('Raw Data (Preview)'!$D$3:$D$52,A6,'Raw Data (Preview)'!$G$3:$G$52),2)) -> — | G6: =IF(B6=0,"—",ROUND(AVERAGEIF('Raw Data (Preview)'!$D$3:$D$52,A6,'Raw Data (Preview)'!$H$3:$H$52),2)) -> — | H6: =IF(B6=0,"—",ROUND(IFERROR(AVERAGEIF('Raw Data (Preview)'!$D$3:$D$52,A6,'Raw Data (Preview)'!$L$3:$L$52),"—"),2)) -> —
A7: 1988 | B7: =COUNTIF('Raw Data (Preview)'!$D$3:$D$52,A7) -> 0 | C7: =IF(B7=0,"—",ROUND(AVERAGEIF('Raw Data (Preview)'!$D$3:$D$52,A7,'Raw Data (Preview)'!$E$3:$E$52),2)) -> — | D7: =IF(B7=0,"—",ROUND(AVERAGEIF('Raw Data (Preview)'!$D$3:$D$52,A7,'Raw Data (Preview)'!$F$3:$F$52),2)) -> — | E7: =IF(B7=0,"—",ROUND(AVERAGEIF('Raw Data (Preview)'!$D$3:$D$52,A7,'Raw Data (Preview)'!$I$3:$I$52),2)) -> — | F7: =IF(B7=0,"—",ROUND(AVERAGEIF('Raw Data (Preview)'!$D$3:$D$52,A7,'Raw Data (Preview)'!$G$3:$G$52),2)) -> — | G7: =IF(B7=0,"—",ROUND(AVERAGEIF('Raw Data (Preview)'!$D$3:$D$52,A7,'Raw Data (Preview)'!$H$3:$H$52),2)) -> — | H7: =IF(B7=0,"—",ROUND(IFERROR(AVERAGEIF('Raw Data (Preview)'!$D$3:$D$52,A7,'Raw Data (Preview)'!$L$3:$L$52),"—"),2)) -> —
A8: 1989 | B8: =COUNTIF('Raw Data (Preview)'!$D$3:$D$52,A8) -> 0 | C8: =IF(B8=0,"—",ROUND(AVERAGEIF('Raw Data (Preview)'!$D$3:$D$52,A8,'Raw Data (Preview)'!$E$3:$E$52),2)) -> — | D8: =IF(B8=0,"—",ROUND(AVERAGEIF('Raw Data (Preview)'!$D$3:$D$52,A8,'Raw Data (Preview)'!$F$3:$F$52),2)) -> — | E8: =IF(B8=0,"—",ROUND(AVERAGEIF('Raw Data (Preview)'!$D$3:$D$52,A8,'Raw Data (Preview)'!$I$3:$I$52),2)) -> — | F8: =IF(B8=0,"—",ROUND(AVERAGEIF('Raw Data (Preview)'!$D$3:$D$52,A8,'Raw Data (Preview)'!$G$3:$G$52),2)) -> — | G8: =IF(B8=0,"—",ROUND(AVERAGEIF('Raw Data (Preview)'!$D$3:$D$52,A8,'Raw Data (Preview)'!$H$3:$H$52),2)) -> — | H8: =IF(B8=0,"—",ROUND(IFERROR(AVERAGEIF('Raw Data (Preview)'!$D$3:$D$52,A8,'Raw Data (Preview)'!$L$3:$L$52),"—"),2)) -> —
A9: 1990 | B9: =COUNTIF('Raw Data (Preview)'!$D$3:$D$52,A9) -> 0 | C9: =IF(B9=0,"—",ROUND(AVERAGEIF('Raw Data (Preview)'!$D$3:$D$52,A9,'Raw Data (Preview)'!$E$3:$E$52),2)) -> — | D9: =IF(B9=0,"—",ROUND(AVERAGEIF('Raw Data (Preview)'!$D$3:$D$52,A9,'Raw Data (Preview)'!$F$3:$F$52),2)) -> — | E9: =IF(B9=0,"—",ROUND(AVERAGEIF('Raw Data (Preview)'!$D$3:$D$52,A9,'Raw Data (Preview)'!$I$3:$I$52),2)) -> — | F9: =IF(B9=0,"—",ROUND(AVERAGEIF('Raw Data (Preview)'!$D$3:$D$52,A9,'Raw Data (Preview)'!$G$3:$G$52),2)) -> — | G9: =IF(B9=0,"—",ROUND(AVERAGEIF('Raw Data (Preview)'!$D$3:$D$52,A9,'Raw Data (Preview)'!$H$3:$H$52),2)) -> — | H9: =IF(B9=0,"—",ROUND(IFERROR(AVERAGEIF('Raw Data (Preview)'!$D$3:$D$52,A9,'Raw Data (Preview)'!$L$3:$L$52),"—"),2)) -> —
A10: 1991 | B10: =COUNTIF('Raw Data (Preview)'!$D$3:$D$52,A10) -> 0 | C10: =IF(B10=0,"—",ROUND(AVERAGEIF('Raw Data (Preview)'!$D$3:$D$52,A10,'Raw Data (Preview)'!$E$3:$E$52),2)) -> — | D10: =IF(B10=0,"—",ROUND(AVERAGEIF('Raw Data (Preview)'!$D$3:$D$52,A10,'Raw Data (Preview)'!$F$3:$F$52),2)) -> — | E10: =IF(B10=0,"—",ROUND(AVERAGEIF('Raw Data (Preview)'!$D$3:$D$52,A10,'Raw Data (Preview)'!$I$3:$I$52),2)) -> — | F10: =IF(B10=0,"—",ROUND(AVERAGEIF('Raw Data (Preview)'!$D$3:$D$52,A10,'Raw Data (Preview)'!$G$3:$G$52),2)) -> — | G10: =IF(B10=0,"—",ROUND(AVERAGEIF('Raw Data (Preview)'!$D$3:$D$52,A10,'Raw Data (Preview)'!$H$3:$H$52),2)) -> — | H10: =IF(B10=0,"—",ROUND(IFERROR(AVERAGEIF('Raw Data (Preview)'!$D$3:$D$52,A10,'Raw Data (Preview)'!$L$3:$L$52),"—"),2)) -> —
A11: 1992 | B11: =COUNTIF('Raw Data (Preview)'!$D$3:$D$52,A11) -> 0 | C11: =IF(B11=0,"—",ROUND(AVERAGEIF('Raw Data (Preview)'!$D$3:$D$52,A11,'Raw Data (Preview)'!$E$3:$E$52),2)) -> — | D11: =IF(B11=0,"—",ROUND(AVERAGEIF('Raw Data (Preview)'!$D$3:$D$52,A11,'Raw Data (Preview)'!$F$3:$F$52),2)) -> — | E11: =IF(B11=0,"—",ROUND(AVERAGEIF('Raw Data (Preview)'!$D$3:$D$52,A11,'Raw Data (Preview)'!$I$3:$I$52),2)) -> — | F11: =IF(B11=0,"—",ROUND(AVERAGEIF('Raw Data (Preview)'!$D$3:$D$52,A11,'Raw Data (Preview)'!$G$3:$G$52),2)) -> — | G11: =IF(B11=0,"—",ROUND(AVERAGEIF('Raw Data (Preview)'!$D$3:$D$52,A11,'Raw Data (Preview)'!$H$3:$H$52),2)) -> — | H11: =IF(B11=0,"—",ROUND(IFERROR(AVERAGEIF('Raw Data (Preview)'!$D$3:$D$52,A11,'Raw Data (Preview)'!$L$3:$L$52),"—"),2)) -> —
A12: 1993 | B12: =COUNTIF('Raw Data (Preview)'!$D$3:$D$52,A12) -> 0 | C12: =IF(B12=0,"—",ROUND(AVERAGEIF('Raw Data (Preview)'!$D$3:$D$52,A12,'Raw Data (Preview)'!$E$3:$E$52),2)) -> — | D12: =IF(B12=0,"—",ROUND(AVERAGEIF('Raw Data (Preview)'!$D$3:$D$52,A12,'Raw Data (Preview)'!$F$3:$F$52),2)) -> — | E12: =IF(B12=0,"—",ROUND(AVERAGEIF('Raw Data (Preview)'!$D$3:$D$52,A12,'Raw Data (Preview)'!$I$3:$I$52),2)) -> — | F12: =IF(B12=0,"—",ROUND(AVERAGEIF('Raw Data (Preview)'!$D$3:$D$52,A12,'Raw Data (Preview)'!$G$3:$G$52),2)) -> — | G12: =IF(B12=0,"—",ROUND(AVERAGEIF('Raw Data (Preview)'!$D$3:$D$52,A12,'Raw Data (Preview)'!$H$3:$H$52),2)) -> — | H12: =IF(B12=0,"—",ROUND(IFERROR(AVERAGEIF('Raw Data (Preview)'!$D$3:$D$52,A12,'Raw Data (Preview)'!$L$3:$L$52),"—"),2)) -> —
A13: 1994 | B13: =COUNTIF('Raw Data (Preview)'!$D$3:$D$52,A13) -> 0 | C13: =IF(B13=0,"—",ROUND(AVERAGEIF('Raw Data (Preview)'!$D$3:$D$52,A13,'Raw Data (Preview)'!$E$3:$E$52),2)) -> — | D13: =IF(B13=0,"—",ROUND(AVERAGEIF('Raw Data (Preview)'!$D$3:$D$52,A13,'Raw Data (Preview)'!$F$3:$F$52),2)) -> — | E13: =IF(B13=0,"—",ROUND(AVERAGEIF('Raw Data (Preview)'!$D$3:$D$52,A13,'Raw Data (Preview)'!$I$3:$I$52),2)) -> — | F13: =IF(B13=0,"—",ROUND(AVERAGEIF('Raw Data (Preview)'!$D$3:$D$52,A13,'Raw Data (Preview)'!$G$3:$G$52),2)) -> — | G13: =IF(B13=0,"—",ROUND(AVERAGEIF('Raw Data (Preview)'!$D$3:$D$52,A13,'Raw Data (Preview)'!$H$3:$H$52),2)) -> — | H13: =IF(B13=0,"—",ROUND(IFERROR(AVERAGEIF('Raw Data (Preview)'!$D$3:$D$52,A13,'Raw Data (Preview)'!$L$3:$L$52),"—"),2)) -> —
A14: 1995 | B14: =COUNTIF('Raw Data (Preview)'!$D$3:$D$52,A14) -> 0 | C14: =IF(B14=0,"—",ROUND(AVERAGEIF('Raw Data (Preview)'!$D$3:$D$52,A14,'Raw Data (Preview)'!$E$3:$E$52),2)) -> — | D14: =IF(B14=0,"—",ROUND(AVERAGEIF('Raw Data (Preview)'!$D$3:$D$52,A14,'Raw Data (Preview)'!$F$3:$F$52),2)) -> — | E14: =IF(B14=0,"—",ROUND(AVERAGEIF('Raw Data (Preview)'!$D$3:$D$52,A14,'Raw Data (Preview)'!$I$3:$I$52),2)) -> — | F14: =IF(B14=0,"—",ROUND(AVERAGEIF('Raw Data (Preview)'!$D$3:$D$52,A14,'Raw Data (Preview)'!$G$3:$G$52),2)) -> — | G14: =IF(B14=0,"—",ROUND(AVERAGEIF('Raw Data (Preview)'!$D$3:$D$52,A14,'Raw Data (Preview)'!$H$3:$H$52),2)) -> — | H14: =IF(B14=0,"—",ROUND(IFERROR(AVERAGEIF('Raw Data (Preview)'!$D$3:$D$52,A14,'Raw Data (Preview)'!$L$3:$L$52),"—"),2)) -> —
... A33: 2014 | B33: =COUNTIF('Raw Data (Preview)'!$D$3:$D$52,A33) -> 0 | C33: =IF(B33=0,"—",ROUND(AVERAGEIF('Raw Data (Preview)'!$D$3:$D$52,A33,'Raw Data (Preview)'!$E$3:$E$52),2)) -> — | D33: =IF(B33=0,"—",ROUND(AVERAGEIF('Raw Data (Preview)'!$D$3:$D$52,A33,'Raw Data (Preview)'!$F$3:$F$52),2)) -> — | E33: =IF(B33=0,"—",ROUND(AVERAGEIF('Raw Data (Preview)'!$D$3:$D$52,A33,'Raw Data (Preview)'!$I$3:$I$52),2)) -> — | F33: =IF(B33=0,"—",ROUND(AVERAGEIF('Raw Data (Preview)'!$D$3:$D$52,A33,'Raw Data (Preview)'!$G$3:$G$52),2)) -> — | G33: =IF(B33=0,"—",ROUND(AVERAGEIF('Raw Data (Preview)'!$D$3:$D$52,A33,'Raw Data (Preview)'!$H$3:$H$52),2)) -> — | H33: =IF(B33=0,"—",ROUND(IFERROR(AVERAGEIF('Raw Data (Preview)'!$D$3:$D$52,A33,'Raw Data (Preview)'!$L$3:$L$52),"—"),2)) -> —
A35: Note: "—" = year not in 50-record preview. Full dataset spans 1981–2014 (2,322 sets).
A36: Chart: Sets Released per Year & Avg Secondary Price

Sheet By Size
A1: LEGO Sets — Summary by Size Group
A2: Size Group | B2: # Sets | C2: Avg Pieces | D2: Avg Retail ($) | E2: Avg 2nd Mkt New ($) | F2: Avg Premium (%)
A3: 1 – Largest | B3: =COUNTIF('Raw Data (Preview)'!$K$3:$K$52,1) -> 16 | C3: =IFERROR(AVERAGEIF('Raw Data (Preview)'!$K$3:$K$52,1,'Raw Data (Preview)'!$E$3:$E$52),"") -> 2645.25 | D3: =IFERROR(AVERAGEIF('Raw Data (Preview)'!$K$3:$K$52,1,'Raw Data (Preview)'!$I$3:$I$52),"") -> 212.365 | E3: =IFERROR(AVERAGEIF('Raw Data (Preview)'!$K$3:$K$52,1,'Raw Data (Preview)'!$G$3:$G$52),"") -> 1045.5436 | F3: =IFERROR(AVERAGEIF('Raw Data (Preview)'!$K$3:$K$52,1,'Raw Data (Preview)'!$L$3:$L$52),"") -> 499.9516
A4: 2 – Large | B4: =COUNTIF('Raw Data (Preview)'!$K$3:$K$52,2) -> 16 | C4: =IFERROR(AVERAGEIF('Raw Data (Preview)'!$K$3:$K$52,2,'Raw Data (Preview)'!$E$3:$E$52),"") -> 906 | D4: =IFERROR(AVERAGEIF('Raw Data (Preview)'!$K$3:$K$52,2,'Raw Data (Preview)'!$I$3:$I$52),"") -> 93.99 | E4: =IFERROR(AVERAGEIF('Raw Data (Preview)'!$K$3:$K$52,2,'Raw Data (Preview)'!$G$3:$G$52),"") -> 393.3225 | F4: =IFERROR(AVERAGEIF('Raw Data (Preview)'!$K$3:$K$52,2,'Raw Data (Preview)'!$L$3:$L$52),"") -> 339.09135
A5: 3 – Medium | B5: =COUNTIF('Raw Data (Preview)'!$K$3:$K$52,3) -> 6 | C5: =IFERROR(AVERAGEIF('Raw Data (Preview)'!$K$3:$K$52,3,'Raw Data (Preview)'!$E$3:$E$52),"") -> 416.33333 | D5: =IFERROR(AVERAGEIF('Raw Data (Preview)'!$K$3:$K$52,3,'Raw Data (Preview)'!$I$3:$I$52),"") -> 39.156667 | E5: =IFERROR(AVERAGEIF('Raw Data (Preview)'!$K$3:$K$52,3,'Raw Data (Preview)'!$G$3:$G$52),"") -> 254.75167 | F5: =IFERROR(AVERAGEIF('Raw Data (Preview)'!$K$3:$K$52,3,'Raw Data (Preview)'!$L$3:$L$52),"") -> 553.31798
A6: 4 – Smallest | B6: =COUNTIF('Raw Data (Preview)'!$K$3:$K$52,4) -> 12 | C6: =IFERROR(AVERAGEIF('Raw Data (Preview)'!$K$3:$K$52,4,'Raw Data (Preview)'!$E$3:$E$52),"") -> 176.66667 | D6: =IFERROR(AVERAGEIF('Raw Data (Preview)'!$K$3:$K$52,4,'Raw Data (Preview)'!$I$3:$I$52),"") -> 22.99 | E6: =IFERROR(AVERAGEIF('Raw Data (Preview)'!$K$3:$K$52,4,'Raw Data (Preview)'!$G$3:$G$52),"") -> 117.99167 | F6: =IFERROR(AVERAGEIF('Raw Data (Preview)'!$K$3:$K$52,4,'Raw Data (Preview)'!$L$3:$L$52),"") -> 338.60895
A9: Chart: Price by Size Group

Sheet Top 10 Sets
A1: Top 10 LEGO Sets by Secondary Market Price (New) — 2015
A2: Rank | B2: Set Name | C2: Theme | D2: Year | E2: # Pieces | F2: Retail ($) | G2: 2nd Mkt New ($) | H2: 2nd Mkt Used ($) | I2: Premium (%)
A3: 🥇1 | B3: Taj Mahal | C3: Advanced models | D3: 2008 | E3: 5922 | F3: 299.99 | G3: 2394.19 | H3: 965.53 | I3: =IFERROR((G3-F3)/F3*100,"") -> 698.08994
A4: 🥈2 | B4: Grand Carousel | C4: Advanced models | D4: 2009 | E4: 3263 | F4: 249.99 | G4: 2278 | H4: 1215.07 | I4: =IFERROR((G4-F4)/F4*100,"") -> 811.23645
A5: 🥉3 | B5: Statue of Liberty | C5: Advanced models | D5: 2000 | E5: 2882 | F5: 198.99 | G5: 2073.93 | H5: 1054.73 | I5: =IFERROR((G5-F5)/F5*100,"") -> 942.22825
A6: 4 | B6: Eiffel Tower | C6: Advanced models | D6: 2007 | E6: 3428 | F6: 199.99 | G6: 1742.93 | H6: 681.27 | I6: =IFERROR((G6-F6)/F6*100,"") -> 771.50858
A7: 5 | B7: Cafe Corner | C7: Advanced models | D7: 2007 | E7: 2056 | F7: 139.99 | G7: 1671.47 | H7: 736.19 | I7: =IFERROR((G7-F7)/F7*100,"") -> 1093.9924
A8: 6 | B8: Market Street | C8: Advanced models | D8: 2007 | E8: 1248 | F8: 89.99 | G8: 1539.47 | H8: 666.13 | I8: =IFERROR((G8-F8)/F8*100,"") -> 1610.7123
A9: 7 | B9: Imperial Star Destroyer | C9: Star Wars | D9: 2002 | E9: 3096 | F9: 298.99 | G9: 1527 | H9: 783.38 | I9: =IFERROR((G9-F9)/F9*100,"") -> 410.71942
A10: 8 | B10: Rebel Blockade Runner | C10: Star Wars | D10: 2001 | E10: 1747 | F10: 199.99 | G10: 1232.6 | H10: 589.2 | I10: =IFERROR((G10-F10)/F10*100,"") -> 516.33082
A11: 9 | B11: Rebel Snowspeeder | C11: Star Wars | D11: 2003 | E11: 1455 | F11: 129.99 | G11: 1084.67 | H11: 593.13 | I11: =IFERROR((G11-F11)/F11*100,"") -> 734.42573
A12: 10 | B12: Cloud City | C12: Star Wars | D12: 2003 | E12: 705 | F12: 99.99 | G12: 975.4 | H12: 566.47 | I12: =IFERROR((G12-F12)/F12*100,"") -> 875.49755

Sheet  Stats & Correlation
A1: Descriptive Statistics & Correlation Analysis
A3: DESCRIPTIVE STATISTICS
A4: Variable | B4: Count | C4: Mean | D4: Std Dev | E4: Min | F4: 25th Pct | G4: Median | H4: 75th Pct | I4: Max
A5: # Pieces | B5: =COUNT('Raw Data (Preview)'!$E$3:$E$52) -> 50 | C5: =ROUND(AVERAGE('Raw Data (Preview)'!$E$3:$E$52),2) -> 1228.76 | D5: =ROUND(STDEV('Raw Data (Preview)'!$E$3:$E$52),2) -> 1283.82 | E5: =MIN('Raw Data (Preview)'!$E$3:$E$52) -> 3 | F5: =ROUND(QUARTILE('Raw Data (Preview)'!$E$3:$E$52,1),2) -> 376.25 | G5: =ROUND(MEDIAN('Raw Data (Preview)'!$E$3:$E$52),2) -> 887.5 | H5: =ROUND(QUARTILE('Raw Data (Preview)'!$E$3:$E$52,3),2) -> 1587.75 | I5: =MAX('Raw Data (Preview)'!$E$3:$E$52) -> 5922
A6: # Minifigures | B6: =COUNT('Raw Data (Preview)'!$F$3:$F$52) -> 50 | C6: =ROUND(AVERAGE('Raw Data (Preview)'!$F$3:$F$52),2) -> 2.56 | D6: =ROUND(STDEV('Raw Data (Preview)'!$F$3:$F$52),2) -> 4.27 | E6: =MIN('Raw Data (Preview)'!$F$3:$F$52) -> 0 | F6: =ROUND(QUARTILE('Raw Data (Preview)'!$F$3:$F$52,1),2) -> 0 | G6: =ROUND(MEDIAN('Raw Data (Preview)'!$F$3:$F$52),2) -> 0 | H6: =ROUND(QUARTILE('Raw Data (Preview)'!$F$3:$F$52,3),2) -> 4 | I6: =MAX('Raw Data (Preview)'!$F$3:$F$52) -> 22
A7: Secondary Price – New ($) | B7: =COUNT('Raw Data (Preview)'!$G$3:$G$52) -> 48 | C7: =ROUND(AVERAGE('Raw Data (Preview)'!$G$3:$G$52),2) -> 497.4 | D7: =ROUND(STDEV('Raw Data (Preview)'!$G$3:$G$52),2) -> 506.48 | E7: =MIN('Raw Data (Preview)'!$G$3:$G$52) -> 21.09 | F7: =ROUND(QUARTILE('Raw Data (Preview)'!$G$3:$G$52,1),2) -> 200.77 | G7: =ROUND(MEDIAN('Raw Data (Preview)'!$G$3:$G$52),2) -> 308.29 | H7: =ROUND(QUARTILE('Raw Data (Preview)'!$G$3:$G$52,3),2) -> 583.68 | I7: =MAX('Raw Data (Preview)'!$G$3:$G$52) -> 2394.19
A8: Secondary Price – Used ($) | B8: =COUNT('Raw Data (Preview)'!$H$3:$H$52) -> 49 | C8: =ROUND(AVERAGE('Raw Data (Preview)'!$H$3:$H$52),2) -> 274.09 | D8: =ROUND(STDEV('Raw Data (Preview)'!$H$3:$H$52),2) -> 237.25 | E8: =MIN('Raw Data (Preview)'!$H$3:$H$52) -> 15.8 | F8: =ROUND(QUARTILE('Raw Data (Preview)'!$H$3:$H$52,1),2) -> 108.93 | G8: =ROUND(MEDIAN('Raw Data (Preview)'!$H$3:$H$52),2) -> 185.33 | H8: =ROUND(QUARTILE('Raw Data (Preview)'!$H$3:$H$52,3),2) -> 410.87 | I8: =MAX('Raw Data (Preview)'!$H$3:$H$52) -> 965.53
A9: Primary Retail Price ($) | B9: =COUNT('Raw Data (Preview)'!$I$3:$I$52) -> 50 | C9: =ROUND(AVERAGE('Raw Data (Preview)'!$I$3:$I$52),2) -> 108.25 | D9: =ROUND(STDEV('Raw Data (Preview)'!$I$3:$I$52),2) -> 101.37 | E9: =MIN('Raw Data (Preview)'!$I$3:$I$52) -> 7.99 | F9: =ROUND(QUARTILE('Raw Data (Preview)'!$I$3:$I$52,1),2) -> 39.99 | G9: =ROUND(MEDIAN('Raw Data (Preview)'!$I$3:$I$52),2) -> 89.99 | H9: =ROUND(QUARTILE('Raw Data (Preview)'!$I$3:$I$52,3),2) -> 137.49 | I9: =MAX('Raw Data (Preview)'!$I$3:$I$52) -> 499.99
A10: Set Age (yrs) | B10: =COUNT('Raw Data (Preview)'!$J$3:$J$52) -> 50 | C10: =ROUND(AVERAGE('Raw Data (Preview)'!$J$3:$J$52),2) -> 10.88 | D10: =ROUND(STDEV('Raw Data (Preview)'!$J$3:$J$52),2) -> 2.62 | E10: =MIN('Raw Data (Preview)'!$J$3:$J$52) -> 5 | F10: =ROUND(QUARTILE('Raw Data (Preview)'!$J$3:$J$52,1),2) -> 9 | G10: =ROUND(MEDIAN('Raw Data (Preview)'!$J$3:$J$52),2) -> 11 | H10: =ROUND(QUARTILE('Raw Data (Preview)'!$J$3:$J$52,3),2) -> 13 | I10: =MAX('Raw Data (Preview)'!$J$3:$J$52) -> 14
A15: CORRELATION MATRIX (Pearson r)
A16: Variable | B16: # Pieces | C16: # Minifigs | D16: Retail Price | E16: Sec. Price (New) | F16: Set Age
A17: # Pieces | B17: 1 | C17: =ROUND(CORREL('Raw Data (Preview)'!$E$3:$E$52,'Raw Data (Preview)'!$F$3:$F$52),3) -> 0.2 | D17: =ROUND(CORREL('Raw Data (Preview)'!$E$3:$E$52,'Raw Data (Preview)'!$I$3:$I$52),3) -> 0.925 | E17: =ROUND(CORREL('Raw Data (Preview)'!$E$3:$E$52,'Raw Data (Preview)'!$G$3:$G$52),3) -> 0.829 | F17: =ROUND(CORREL('Raw Data (Preview)'!$E$3:$E$52,'Raw Data (Preview)'!$J$3:$J$52),3) -> -0.526
A18: # Minifigs | B18: =ROUND(CORREL('Raw Data (Preview)'!$F$3:$F$52,'Raw Data (Preview)'!$E$3:$E$52),3) -> 0.2 | C18: 1 | D18: =ROUND(CORREL('Raw Data (Preview)'!$F$3:$F$52,'Raw Data (Preview)'!$I$3:$I$52),3) -> 0.367 | E18: =ROUND(CORREL('Raw Data (Preview)'!$F$3:$F$52,'Raw Data (Preview)'!$G$3:$G$52),3) -> -0.042 | F18: =ROUND(CORREL('Raw Data (Preview)'!$F$3:$F$52,'Raw Data (Preview)'!$J$3:$J$52),3) -> -0.185
A19: Retail Price | B19: =ROUND(CORREL('Raw Data (Preview)'!$I$3:$I$52,'Raw Data (Preview)'!$E$3:$E$52),3) -> 0.925 | C19: =ROUND(CORREL('Raw Data (Preview)'!$I$3:$I$52,'Raw Data (Preview)'!$F$3:$F$52),3) -> 0.367 | D19: 1 | E19: =ROUND(CORREL('Raw Data (Preview)'!$I$3:$I$52,'Raw Data (Preview)'!$G$3:$G$52),3) -> 0.703 | F19: =ROUND(CORREL('Raw Data (Preview)'!$I$3:$I$52,'Raw Data (Preview)'!$J$3:$J$52),3) -> -0.452
A20: Sec. Price (New) | B20: =ROUND(CORREL('Raw Data (Preview)'!$G$3:$G$52,'Raw Data (Preview)'!$E$3:$E$52),3) -> 0.829 | C20: =ROUND(CORREL('Raw Data (Preview)'!$G$3:$G$52,'Raw Data (Preview)'!$F$3:$F$52),3) -> -0.042 | D20: =ROUND(CORREL('Raw Data (Preview)'!$G$3:$G$52,'Raw Data (Preview)'!$I$3:$I$52),3) -> 0.703 | E20: 1 | F20: =ROUND(CORREL('Raw Data (Preview)'!$G$3:$G$52,'Raw Data (Preview)'!$J$3:$J$52),3) -> -0.301
A21: Set Age | B21: =ROUND(CORREL('Raw Data (Preview)'!$J$3:$J$52,'Raw Data (Preview)'!$E$3:$E$52),3) -> -0.526 | C21: =ROUND(CORREL('Raw Data (Preview)'!$J$3:$J$52,'Raw Data (Preview)'!$F$3:$F$52),3) -> -0.185 | D21: =ROUND(CORREL('Raw Data (Preview)'!$J$3:$J$52,'Raw Data (Preview)'!$I$3:$I$52),3) -> -0.452 | E21: =ROUND(CORREL('Raw Data (Preview)'!$J$3:$J$52,'Raw Data (Preview)'!$G$3:$G$52),3) -> -0.301 | F21: 1
A24: Chart: Scatter — Pieces vs Secondary Price
A47: Chart: Correlation Heatmap

Sheet Price Distribution
A1: Price Distribution Analysis
A3: Chart: Distribution of Secondary Market Premium over Retail Price
A28: Chart: Price Comparison — Retail vs Secondary Market (Top 12 Themes)

Sheet Raw Data (Preview)
A1: Raw Data Preview — First 50 Records (Full dataset: 2,322 sets)
A2: Set ID | B2: Theme | C2: Set Name | D2: Year | E2: # Pieces | F2: # Minifigs | G2: Sec. Price (New $) | H2: Sec. Price (Used $) | I2: Primary Price ($) | J2: Age (Yrs) | K2: Size Group | L2: Premium (%)
A3: 10000 | B3: Castle | C3: Guarded Inn | D3: 2001 | E3: 253 | F3: 4 | G3: 156.07 | H3: 79.2 | I3: 24.99 | J3: 14 | K3: 4 | L3: =IFERROR(IF(G3="","",(G3-I3)/I3*100),"") -> 524.52981
A4: 10001 | B4: Trains | C4: Metroliner | D4: 2001 | E4: 782 | F4: 11 | G4: 420.86 | H4: 229.2 | I4: 148.99 | J4: 14 | K4: 2 | L4: =IFERROR(IF(G4="","",(G4-I4)/I4*100),"") -> 182.47533
A5: 10002 | B5: Trains | C5: Railroad Club Car | D5: 2001 | E5: 293 | F5: 5 | G5: 208.47 | H5: 125.53 | I5: 37.99 | J5: 14 | K5: 4 | L5: =IFERROR(IF(G5="","",(G5-I5)/I5*100),"") -> 448.74967
A6: 10013 | B6: Trains | C6: Open Freight Wagon | D6: 2001 | E6: 121 | F6: 0 | G6: 43.73 | H6: 43.07 | I6: 16.99 | J6: 14 | K6: 4 | L6: =IFERROR(IF(G6="","",(G6-I6)/I6*100),"") -> 157.3867
A7: 10014 | B7: Trains | C7: Caboose | D7: 2001 | E7: 170 | F7: 0 | G7: 52.67 | H7: 36.2 | I7: 14.99 | J7: 14 | K7: 4 | L7: =IFERROR(IF(G7="","",(G7-I7)/I7*100),"") -> 251.36758
A8: 10015 | B8: Trains | C8: Green Passenger Wagon | D8: 2001 | E8: 194 | F8: 0 | G8: 56.21 | H8: 47.07 | I8: 19.99 | J8: 14 | K8: 4 | L8: =IFERROR(IF(G8="","",(G8-I8)/I8*100),"") -> 181.1906
A9: 10016 | B9: Trains | C9: Tanker | D9: 2001 | E9: 128 | F9: 0 | G9: 77.86 | H9: 48.73 | I9: 19.99 | J9: 14 | K9: 4 | L9: =IFERROR(IF(G9="","",(G9-I9)/I9*100),"") -> 289.49475
A10: 10017 | B10: Trains | C10: Hopper Wagon | D10: 2001 | E10: 228 | F10: 0 | G10: 61.21 | H10: 35.53 | I10: 19.99 | J10: 14 | K10: 4 | L10: =IFERROR(IF(G10="","",(G10-I10)/I10*100),"") -> 206.2031
A11: 10018 | B11: Star Wars | C11: Darth Maul | D11: 2001 | E11: 1868 | F11: 0 | G11: 795.93 | H11: 454.87 | I11: 149.99 | J11: 14 | K11: 1 | L11: =IFERROR(IF(G11="","",(G11-I11)/I11*100),"") -> 430.65538
A12: 10019 | B12: Star Wars | C12: Rebel Blockade Runner | D12: 2001 | E12: 1747 | F12: 0 | G12: 1232.6 | H12: 589.2 | I12: 199.99 | J12: 14 | K12: 1 | L12: =IFERROR(IF(G12="","",(G12-I12)/I12*100),"") -> 516.33082
A13: 10020 | B13: Trains | C13: Santa Fe Super Chief | D13: 2002 | E13: 435 | F13: 2 | G13: 265.6 | H13: 203.53 | I13: 39.99 | J13: 13 | K13: 3 | L13: =IFERROR(IF(G13="","",(G13-I13)/I13*100),"") -> 564.16604
A14: 10022 | B14: Trains | C14: Santa Fe Cars - Set II | D14: 2002 | E14: 411 | F14: 0 | G14: 273.35 | H14: 192.69 | I14: 34.99 | J14: 13 | K14: 3 | L14: =IFERROR(IF(G14="","",(G14-I14)/I14*100),"") -> 681.22321
... A30: 10134 | B30: Star Wars | C30: Y-wing Attack Starfighter | D30: 2004 | E30: 1473 | F30: 1 | G30: 842.53 | H30: 465.53 | I30: 119.99 | J30: 11 | K30: 1 | L30: =IFERROR(IF(G30="","",(G30-I30)/I30*100),"") -> 602.16685
A31: 10143 | B31: Star Wars | C31: Death Star II | D31: 2005 | E31: 3441 | F31: 0 | H31: 767 | I31: 298.99 | J31: 10 | K31: 1 | L31: =IFERROR(IF(G31="","",(G31-I31)/I31*100),"")
A32: 10144 | B32: Star Wars | C32: Sandcrawler | D32: 2005 | E32: 1669 | F32: 8 | G32: 268.73 | H32: 177.13 | I32: 139.99 | J32: 10 | K32: 1 | L32: =IFERROR(IF(G32="","",(G32-I32)/I32*100),"") -> 91.963712
A33: 10152 | B33: Advanced models | C33: Maersk Sealand Container Ship | D33: 2004 | E33: 988 | F33: 0 | G33: 218.53 | H33: 144.2 | I33: 74.99 | J33: 11 | K33: 2 | L33: =IFERROR(IF(G33="","",(G33-I33)/I33*100),"") -> 191.41219
A34: 10153 | B34: Trains | C34: Train Motor 9 V | D34: 2002 | E34: 3 | F34: 0 | G34: 99.64 | H34: 47.56 | I34: 24.99 | J34: 13 | K34: 4 | L34: =IFERROR(IF(G34="","",(G34-I34)/I34*100),"") -> 298.71949
A35: 10155 | B35: Advanced models | C35: Maersk Container Ship | D35: 2010 | E35: 990 | F35: 0 | G35: 257.12 | H35: 149.33 | I35: 119.99 | J35: 5 | K35: 2 | L35: =IFERROR(IF(G35="","",(G35-I35)/I35*100),"") -> 114.28452
A36: 10170 | B36: Trains | C36: TTX Intermodal Double-Stack Car | D36: 2005 | E36: 366 | F36: 0 | G36: 132.4 | H36: 94.47 | I36: 39.99 | J36: 10 | K36: 3 | L36: =IFERROR(IF(G36="","",(G36-I36)/I36*100),"") -> 231.08277
A37: 10173 | B37: Trains | C37: Holiday Train | D37: 2006 | E37: 965 | F37: 7 | G37: 702.33 | H37: 438.13 | I37: 89.99 | J37: 9 | K37: 2 | L37: =IFERROR(IF(G37="","",(G37-I37)/I37*100),"") -> 680.45338
A38: 10174 | B38: Star Wars | C38: Imperial AT-ST | D38: 2006 | E38: 1068 | F38: 0 | G38: 291.94 | H38: 160.47 | I38: 79.99 | J38: 9 | K38: 2 | L38: =IFERROR(IF(G38="","",(G38-I38)/I38*100),"") -> 264.97062
A39: 10175 | B39: Star Wars | C39: Vader's TIE Advanced | D39: 2006 | E39: 1212 | F39: 0 | G39: 523.8 | H39: 262.53 | I39: 99.99 | J39: 9 | K39: 1 | L39: =IFERROR(IF(G39="","",(G39-I39)/I39*100),"") -> 423.85239
A40: 10176 | B40: Castle | C40: King’s Castle | D40: 2006 | E40: 869 | F40: 12 | G40: 221.53 | H40: 108.93 | I40: 99.99 | J40: 9 | K40: 2 | L40: =IFERROR(IF(G40="","",(G40-I40)/I40*100),"") -> 121.55216
A41: 10177 | B41: Advanced models | C41: Boeing 787 Dreamliner | D41: 2006 | E41: 1197 | F41: 0 | G41: 544.13 | H41: 243.47 | I41: 79.99 | J41: 9 | K41: 2 | L41: =IFERROR(IF(G41="","",(G41-I41)/I41*100),"") -> 580.24753
A42: 10178 | B42: Star Wars | C42: Motorized Walking AT-AT | D42: 2007 | E42: 1137 | F42: 4 | G42: 446.33 | H42: 231.4 | I42: 129.99 | J42: 8 | K42: 2 | L42: =IFERROR(IF(G42="","",(G42-I42)/I42*100),"") -> 243.35718
A43: 10179 | B43: Star Wars | C43: Ultimate Collector’s Millennium Falcon | D43: 2007 | E43: 5195 | F43: 5 | I43: 499.99 | J43: 8 | K43: 1 | L43: =IFERROR(IF(G43="","",(G43-I43)/I43*100),"")
A44: 10181 | B44: Advanced models | C44: Eiffel Tower | D44: 2007 | E44: 3428 | F44: 0 | G44: 1742.93 | H44: 681.27 | I44: 199.99 | J44: 8 | K44: 1 | L44: =IFERROR(IF(G44="","",(G44-I44)/I44*100),"") -> 771.50858
A45: 10182 | B45: Advanced models | C45: Cafe Corner | D45: 2007 | E45: 2056 | F45: 3 | G45: 1671.47 | H45: 736.19 | I45: 139.99 | J45: 8 | K45: 1 | L45: =IFERROR(IF(G45="","",(G45-I45)/I45*100),"") -> 1093.9924
A46: 10183 | B46: Factory | C46: Hobby Trains | D46: 2007 | E46: 1080 | F46: 0 | G46: 274.79 | H46: 185.33 | I46: 99.99 | J46: 8 | K46: 2 | L46: =IFERROR(IF(G46="","",(G46-I46)/I46*100),"") -> 174.81748
A47: 10184 | B47: Advanced models | C47: Town Plan | D47: 2008 | E47: 1981 | F47: 8 | G47: 394.07 | H47: 255.53 | I47: 149.99 | J47: 7 | K47: 1 | L47: =IFERROR(IF(G47="","",(G47-I47)/I47*100),"") -> 162.73085
A48: 10185 | B48: Advanced models | C48: Green Grocer | D48: 2008 | E48: 2352 | F48: 4 | G48: 905.38 | H48: 631.58 | I48: 149.99 | J48: 7 | K48: 1 | L48: =IFERROR(IF(G48="","",(G48-I48)/I48*100),"") -> 503.62691
A49: 10186 | B49: Star Wars | C49: General Grievous | D49: 2008 | E49: 1085 | F49: 0 | G49: 189.87 | H49: 91.47 | I49: 89.99 | J49: 7 | K49: 2 | L49: =IFERROR(IF(G49="","",(G49-I49)/I49*100),"") -> 110.99011
A50: 10187 | B50: Advanced models | C50: Volkswagen Beetle | D50: 2008 | E50: 1626 | F50: 0 | G50: 763.93 | H50: 410.87 | I50: 119.99 | J50: 7 | K50: 1 | L50: =IFERROR(IF(G50="","",(G50-I50)/I50*100),"") -> 536.66139
A51: 10188 | B51: Star Wars | C51: Death Star | D51: 2008 | E51: 3803 | F51: 22 | G51: 490.38 | H51: 326.03 | I51: 399.99 | J51: 7 | K51: 1 | L51: =IFERROR(IF(G51="","",(G51-I51)/I51*100),"") -> 22.598065
A52: 10189 | B52: Advanced models | C52: Taj Mahal | D52: 2008 | E52: 5922 | F52: 0 | G52: 2394.19 | H52: 965.53 | I52: 299.99 | J52: 7 | K52: 1 | L52: =IFERROR(IF(G52="","",(G52-I52)/I52*100),"") -> 698.08994
